{
    "avg_prec": 0.5555296883324459,
    "roc_auc": 0.960041294312766
}